<?xml version="1.0" encoding="UTF-8"?>
<!-- Product Version: Vivado v2015.2 (64-bit)                     -->
<!--                                                              -->
<!-- Copyright 1986-2015 Xilinx, Inc. All Rights Reserved.        -->

<hwsession version="1" minor="1">
  <device name="xc7a35t_0" gui_info=""/>
  <ObjectList object_type="hw_device" gui_info="">
    <Object name="xc7a35t_0" gui_info="">
      <Properties Property="PROBES.FILE" value=""/>
      <Properties Property="PROGRAM.HW_BITSTREAM" value="$_project_name_.runs/impl_1/TopLevel.bit"/>
    </Object>
  </ObjectList>
  <ObjectList object_type="hw_ila" gui_info="">
    <Object name="MouseModule/tester" gui_info="">
      <Properties Property="CONTROL.TRIGGER_CONDITION" value="AND"/>
      <Properties Property="CORE_REFRESH_RATE_MS" value="500"/>
    </Object>
  </ObjectList>
  <ObjectList object_type="hw_probe" gui_info="">
    <Object name="MouseModule/ByteReady" gui_info=""/>
    <Object name="MouseModule/ByteSentToMouse" gui_info="Trigger Setup=1"/>
    <Object name="MouseModule/ClkMouseIn" gui_info="Trigger Setup=0"/>
    <Object name="MouseModule/state[1:0]" gui_info="Trigger Setup=0"/>
  </ObjectList>
  <probeset name="hw project" active="false">
    <probe type="ila" busType="net" source="netlist" spec="ILA_V2_RT">
      <probeOptions Id="DebugProbeParams">
        <Option Id="CAPTURE_COMPARE_VALUE" value="eq2&apos;hX"/>
        <Option Id="COMPARE_VALUE.0" value="eq2&apos;hX"/>
        <Option Id="DISPLAY_HINT" value=""/>
        <Option Id="DISPLAY_VISIBILITY" value=""/>
        <Option Id="HW_ILA" value="hw_ila_1"/>
        <Option Id="NAME.CUSTOM" value=""/>
        <Option Id="NAME.SELECT" value="Long"/>
        <Option Id="TRIGGER_COMPARE_VALUE" value="eq2&apos;hX"/>
      </probeOptions>
      <nets>
        <net name="MouseModule/ByteErrorCode[1]"/>
        <net name="MouseModule/ByteErrorCode[0]"/>
      </nets>
    </probe>
    <probe type="ila" busType="net" source="netlist" spec="ILA_V2_RT">
      <probeOptions Id="DebugProbeParams">
        <Option Id="CAPTURE_COMPARE_VALUE" value="eq8&apos;hXX"/>
        <Option Id="COMPARE_VALUE.0" value="eq8&apos;hXX"/>
        <Option Id="DISPLAY_HINT" value=""/>
        <Option Id="DISPLAY_VISIBILITY" value=""/>
        <Option Id="HW_ILA" value="hw_ila_1"/>
        <Option Id="NAME.CUSTOM" value=""/>
        <Option Id="NAME.SELECT" value="Long"/>
        <Option Id="TRIGGER_COMPARE_VALUE" value="eq8&apos;hXX"/>
      </probeOptions>
      <nets>
        <net name="MouseModule/ByteRead[7]"/>
        <net name="MouseModule/ByteRead[6]"/>
        <net name="MouseModule/ByteRead[5]"/>
        <net name="MouseModule/ByteRead[4]"/>
        <net name="MouseModule/ByteRead[3]"/>
        <net name="MouseModule/ByteRead[2]"/>
        <net name="MouseModule/ByteRead[1]"/>
        <net name="MouseModule/ByteRead[0]"/>
      </nets>
    </probe>
    <probe type="ila" busType="net" source="netlist" spec="ILA_V2_RT">
      <probeOptions Id="DebugProbeParams">
        <Option Id="CAPTURE_COMPARE_VALUE" value="eq1&apos;bX"/>
        <Option Id="COMPARE_VALUE.0" value="eq1&apos;bX"/>
        <Option Id="DISPLAY_HINT" value=""/>
        <Option Id="DISPLAY_VISIBILITY" value=""/>
        <Option Id="HW_ILA" value="hw_ila_1"/>
        <Option Id="NAME.CUSTOM" value=""/>
        <Option Id="NAME.SELECT" value="Long"/>
        <Option Id="TRIGGER_COMPARE_VALUE" value="eq1&apos;bX"/>
      </probeOptions>
      <nets>
        <net name="MouseModule/ByteReady"/>
      </nets>
    </probe>
    <probe type="ila" busType="net" source="netlist" spec="ILA_V2_RT">
      <probeOptions Id="DebugProbeParams">
        <Option Id="CAPTURE_COMPARE_VALUE" value="eq1&apos;bX"/>
        <Option Id="COMPARE_VALUE.0" value="eq1&apos;bF"/>
        <Option Id="DISPLAY_HINT" value=""/>
        <Option Id="DISPLAY_VISIBILITY" value=""/>
        <Option Id="HW_ILA" value="hw_ila_1"/>
        <Option Id="NAME.CUSTOM" value=""/>
        <Option Id="NAME.SELECT" value="Long"/>
        <Option Id="TRIGGER_COMPARE_VALUE" value="eq1&apos;bF"/>
      </probeOptions>
      <nets>
        <net name="MouseModule/ByteSentToMouse"/>
      </nets>
    </probe>
    <probe type="ila" busType="net" source="netlist" spec="ILA_V2_RT">
      <probeOptions Id="DebugProbeParams">
        <Option Id="CAPTURE_COMPARE_VALUE" value="eq8&apos;hXX"/>
        <Option Id="COMPARE_VALUE.0" value="eq8&apos;hXX"/>
        <Option Id="DISPLAY_HINT" value=""/>
        <Option Id="DISPLAY_VISIBILITY" value=""/>
        <Option Id="HW_ILA" value="hw_ila_1"/>
        <Option Id="NAME.CUSTOM" value=""/>
        <Option Id="NAME.SELECT" value="Long"/>
        <Option Id="TRIGGER_COMPARE_VALUE" value="eq8&apos;hXX"/>
      </probeOptions>
      <nets>
        <net name="MouseModule/ByteToSendToMouse[7]"/>
        <net name="MouseModule/ByteToSendToMouse[6]"/>
        <net name="MouseModule/ByteToSendToMouse[5]"/>
        <net name="MouseModule/ByteToSendToMouse[4]"/>
        <net name="MouseModule/ByteToSendToMouse[3]"/>
        <net name="MouseModule/ByteToSendToMouse[2]"/>
        <net name="MouseModule/ByteToSendToMouse[1]"/>
        <net name="MouseModule/ByteToSendToMouse[0]"/>
      </nets>
    </probe>
    <probe type="ila" busType="net" source="netlist" spec="ILA_V2_RT">
      <probeOptions Id="DebugProbeParams">
        <Option Id="CAPTURE_COMPARE_VALUE" value="eq1&apos;bX"/>
        <Option Id="COMPARE_VALUE.0" value="eq1&apos;bF"/>
        <Option Id="DISPLAY_HINT" value=""/>
        <Option Id="DISPLAY_VISIBILITY" value=""/>
        <Option Id="HW_ILA" value="hw_ila_1"/>
        <Option Id="NAME.CUSTOM" value=""/>
        <Option Id="NAME.SELECT" value="Long"/>
        <Option Id="TRIGGER_COMPARE_VALUE" value="eq1&apos;bF"/>
      </probeOptions>
      <nets>
        <net name="MouseModule/ClkMouseIn"/>
      </nets>
    </probe>
    <probe type="ila" busType="net" source="netlist" spec="ILA_V2_RT">
      <probeOptions Id="DebugProbeParams">
        <Option Id="CAPTURE_COMPARE_VALUE" value="eq1&apos;bX"/>
        <Option Id="COMPARE_VALUE.0" value="eq1&apos;bX"/>
        <Option Id="DISPLAY_HINT" value=""/>
        <Option Id="DISPLAY_VISIBILITY" value=""/>
        <Option Id="HW_ILA" value="hw_ila_1"/>
        <Option Id="NAME.CUSTOM" value=""/>
        <Option Id="NAME.SELECT" value="Long"/>
        <Option Id="TRIGGER_COMPARE_VALUE" value="eq1&apos;bX"/>
      </probeOptions>
      <nets>
        <net name="MouseModule/DataMouseIn"/>
      </nets>
    </probe>
    <probe type="ila" busType="net" source="netlist" spec="ILA_V2_RT">
      <probeOptions Id="DebugProbeParams">
        <Option Id="CAPTURE_COMPARE_VALUE" value="eq1&apos;bX"/>
        <Option Id="COMPARE_VALUE.0" value="eq1&apos;bX"/>
        <Option Id="DISPLAY_HINT" value=""/>
        <Option Id="DISPLAY_VISIBILITY" value=""/>
        <Option Id="HW_ILA" value="hw_ila_1"/>
        <Option Id="NAME.CUSTOM" value=""/>
        <Option Id="NAME.SELECT" value="Long"/>
        <Option Id="TRIGGER_COMPARE_VALUE" value="eq1&apos;bX"/>
      </probeOptions>
      <nets>
        <net name="MouseModule/RESET"/>
      </nets>
    </probe>
    <probe type="ila" busType="net" source="netlist" spec="ILA_V2_RT">
      <probeOptions Id="DebugProbeParams">
        <Option Id="CAPTURE_COMPARE_VALUE" value="eq2&apos;hX"/>
        <Option Id="COMPARE_VALUE.0" value="eq2&apos;h0"/>
        <Option Id="DISPLAY_HINT" value=""/>
        <Option Id="DISPLAY_VISIBILITY" value=""/>
        <Option Id="HW_ILA" value="hw_ila_1"/>
        <Option Id="NAME.CUSTOM" value=""/>
        <Option Id="NAME.SELECT" value="Long"/>
        <Option Id="TRIGGER_COMPARE_VALUE" value="eq2&apos;h0"/>
      </probeOptions>
      <nets>
        <net name="MouseModule/state[1]"/>
        <net name="MouseModule/state[0]"/>
      </nets>
    </probe>
    <probe type="ila" busType="net" source="netlist" spec="ILA_V2_RT">
      <probeOptions Id="DebugProbeParams">
        <Option Id="CAPTURE_COMPARE_VALUE" value="eq4&apos;hX"/>
        <Option Id="COMPARE_VALUE.0" value="eq4&apos;hX"/>
        <Option Id="DISPLAY_HINT" value=""/>
        <Option Id="DISPLAY_VISIBILITY" value=""/>
        <Option Id="HW_ILA" value="hw_ila_1"/>
        <Option Id="NAME.CUSTOM" value=""/>
        <Option Id="NAME.SELECT" value="Long"/>
        <Option Id="TRIGGER_COMPARE_VALUE" value="eq4&apos;hX"/>
      </probeOptions>
      <nets>
        <net name="MouseModule/state[3]"/>
        <net name="MouseModule/state[2]"/>
        <net name="MouseModule/state[1]"/>
        <net name="MouseModule/state[0]"/>
      </nets>
    </probe>
  </probeset>
</hwsession>
