<?xml version="1.0" encoding="UTF-8"?>
<GenRun Id="impl_1" LaunchPart="xc7a35tcpg236-1" LaunchTime="1743087763">
  <File Type="WBT-USG" Name="usage_statistics_webtalk.html"/>
  <File Type="RDI-RDI" Name="TopLevel.vdi"/>
  <File Type="BG-DRC" Name="TopLevel.drc"/>
  <File Type="BG-BGN" Name="TopLevel.bgn"/>
  <File Type="BITSTR-SYSDEF" Name="TopLevel.sysdef"/>
  <File Type="BITSTR-MMI" Name="TopLevel.mmi"/>
  <File Type="BITSTR-BMM" Name="TopLevel_bd.bmm"/>
  <File Type="BITSTR-NKY" Name="TopLevel.nky"/>
  <File Type="BITSTR-RBT" Name="TopLevel.rbt"/>
  <File Type="BITSTR-MSK" Name="TopLevel.msk"/>
  <File Type="BG-BIN" Name="TopLevel.bin"/>
  <File Type="BG-BIT" Name="TopLevel.bit"/>
  <File Type="POSTROUTE-PHYSOPT-TIMING-RPX" Name="TopLevel_timing_summary_postroute_physopted.rpx"/>
  <File Type="POSTROUTE-PHYSOPT-TIMING" Name="TopLevel_timing_summary_postroute_physopted.rpt"/>
  <File Type="POSTROUTE-PHYSOPT-DCP" Name="TopLevel_postroute_physopt.dcp"/>
  <File Type="ROUTE-CLK" Name="TopLevel_clock_utilization_routed.rpt"/>
  <File Type="ROUTE-SIMILARITY" Name="TopLevel_incremental_reuse_routed.rpt"/>
  <File Type="ROUTE-TIMING-RPX" Name="TopLevel_timing_summary_routed.rpx"/>
  <File Type="ROUTE-TIMING-PB" Name="TopLevel_timing_summary_routed.pb"/>
  <File Type="ROUTE-TIMINGSUMMARY" Name="TopLevel_timing_summary_routed.rpt"/>
  <File Type="ROUTE-STATUS-PB" Name="TopLevel_route_status.pb"/>
  <File Type="ROUTE-STATUS" Name="TopLevel_route_status.rpt"/>
  <File Type="ROUTE-PWR-SUM" Name="TopLevel_power_summary_routed.pb"/>
  <File Type="ROUTE-PWR" Name="TopLevel_power_routed.rpt"/>
  <File Type="ROUTE-DRC-PB" Name="TopLevel_drc_routed.pb"/>
  <File Type="ROUTE-DRC" Name="TopLevel_drc_routed.rpt"/>
  <File Type="ROUTE-DCP" Name="TopLevel_routed.dcp"/>
  <File Type="PHYSOPT-DRC" Name="TopLevel_drc_physopted.rpt"/>
  <File Type="PHYSOPT-DCP" Name="TopLevel_physopt.dcp"/>
  <File Type="POSTPLACE-PWROPT-DCP" Name="TopLevel_postplace_pwropt.dcp"/>
  <File Type="PLACE-PRE-SIMILARITY" Name="TopLevel_incremental_reuse_pre_placed.rpt"/>
  <File Type="PLACE-SIMILARITY" Name="TopLevel_incremental_reuse_placed.rpt"/>
  <File Type="PLACE-CTRL" Name="TopLevel_control_sets_placed.rpt"/>
  <File Type="PLACE-UTIL-PB" Name="TopLevel_utilization_placed.pb"/>
  <File Type="PLACE-UTIL" Name="TopLevel_utilization_placed.rpt"/>
  <File Type="PLACE-CLK" Name="TopLevel_clock_utilization_placed.rpt"/>
  <File Type="PLACE-IO" Name="TopLevel_io_placed.rpt"/>
  <File Type="PLACE-DCP" Name="TopLevel_placed.dcp"/>
  <File Type="PWROPT-DRC" Name="TopLevel_drc_pwropted.rpt"/>
  <File Type="PWROPT-DCP" Name="TopLevel_pwropt.dcp"/>
  <File Type="OPT-HWDEF" Name="TopLevel.hwdef"/>
  <File Type="OPT-DRC" Name="TopLevel_drc_opted.rpt"/>
  <File Type="OPT-DCP" Name="TopLevel_opt.dcp"/>
  <File Type="POSTROUTE-PHYSOPT-TIMING-PB" Name="TopLevel_timing_summary_postroute_physopted.pb"/>
  <File Type="PA-TCL" Name="TopLevel.tcl"/>
  <File Type="RUN-STRAT" Name="$PDATADIR/runs/impl_1/impl_1.psg"/>
  <File Type="RUN-SRCS" Name="$PDATADIR/runs/impl_1/sources.xml"/>
  <File Type="RUN-CONSTRS" Name="$PDATADIR/runs/impl_1/constrs_in.xml"/>
  <FileSet Name="sources" Type="DesignSrcs" RelSrcDir="$PSRCDIR/sources_1">
    <Filter Type="Srcs"/>
    <File Path="$PSRCDIR/sources_1/new/Grid_decoder.v">
      <FileInfo>
        <Attr Name="UsedIn" Val="synthesis"/>
        <Attr Name="UsedIn" Val="implementation"/>
        <Attr Name="UsedIn" Val="simulation"/>
      </FileInfo>
    </File>
    <File Path="$PSRCDIR/sources_1/imports/new/Seg7Display.v">
      <FileInfo>
        <Attr Name="ImportPath" Val="$PPRDIR/../Snake_Game/Snake_Game.srcs/sources_1/new/Seg7Display.v"/>
        <Attr Name="ImportTime" Val="1739131356"/>
        <Attr Name="UsedIn" Val="synthesis"/>
        <Attr Name="UsedIn" Val="implementation"/>
        <Attr Name="UsedIn" Val="simulation"/>
      </FileInfo>
    </File>
    <File Path="$PSRCDIR/sources_1/imports/new/Multiplexer_4way.v">
      <FileInfo>
        <Attr Name="ImportPath" Val="$PPRDIR/../Snake_Game/Snake_Game.srcs/sources_1/new/Multiplexer_4way.v"/>
        <Attr Name="ImportTime" Val="1698153652"/>
        <Attr Name="UsedIn" Val="synthesis"/>
        <Attr Name="UsedIn" Val="implementation"/>
        <Attr Name="UsedIn" Val="simulation"/>
      </FileInfo>
    </File>
    <File Path="$PSRCDIR/sources_1/new/MouseTransmitter.v">
      <FileInfo>
        <Attr Name="UsedIn" Val="synthesis"/>
        <Attr Name="UsedIn" Val="implementation"/>
        <Attr Name="UsedIn" Val="simulation"/>
      </FileInfo>
    </File>
    <File Path="$PSRCDIR/sources_1/new/MouseReceiver.v">
      <FileInfo>
        <Attr Name="UsedIn" Val="synthesis"/>
        <Attr Name="UsedIn" Val="implementation"/>
        <Attr Name="UsedIn" Val="simulation"/>
      </FileInfo>
    </File>
    <File Path="$PSRCDIR/sources_1/new/MouseMasterSM.v">
      <FileInfo>
        <Attr Name="UsedIn" Val="synthesis"/>
        <Attr Name="UsedIn" Val="implementation"/>
        <Attr Name="UsedIn" Val="simulation"/>
      </FileInfo>
    </File>
    <File Path="$PSRCDIR/sources_1/imports/new/Generic_counter.v">
      <FileInfo>
        <Attr Name="ImportPath" Val="$PPRDIR/../Snake_Game/Snake_Game.srcs/sources_1/new/Generic_counter.v"/>
        <Attr Name="ImportTime" Val="1701167995"/>
        <Attr Name="UsedIn" Val="synthesis"/>
        <Attr Name="UsedIn" Val="implementation"/>
        <Attr Name="UsedIn" Val="simulation"/>
      </FileInfo>
    </File>
    <File Path="$PSRCDIR/sources_1/new/Ten_CounterHz.v">
      <FileInfo>
        <Attr Name="UsedIn" Val="synthesis"/>
        <Attr Name="UsedIn" Val="implementation"/>
        <Attr Name="UsedIn" Val="simulation"/>
      </FileInfo>
    </File>
    <File Path="$PSRCDIR/sources_1/new/IR_Transmitter.v">
      <FileInfo>
        <Attr Name="UsedIn" Val="synthesis"/>
        <Attr Name="UsedIn" Val="implementation"/>
        <Attr Name="UsedIn" Val="simulation"/>
      </FileInfo>
    </File>
    <File Path="$PSRCDIR/sources_1/new/VGA_Sig_Gen.v">
      <FileInfo>
        <Attr Name="UsedIn" Val="synthesis"/>
        <Attr Name="UsedIn" Val="implementation"/>
        <Attr Name="UsedIn" Val="simulation"/>
      </FileInfo>
    </File>
    <File Path="$PSRCDIR/sources_1/new/Frame_Buffer.v">
      <FileInfo>
        <Attr Name="UsedIn" Val="synthesis"/>
        <Attr Name="UsedIn" Val="implementation"/>
        <Attr Name="UsedIn" Val="simulation"/>
      </FileInfo>
    </File>
    <File Path="$PSRCDIR/sources_1/new/SegAndLED.v">
      <FileInfo>
        <Attr Name="UsedIn" Val="synthesis"/>
        <Attr Name="UsedIn" Val="implementation"/>
        <Attr Name="UsedIn" Val="simulation"/>
      </FileInfo>
    </File>
    <File Path="$PSRCDIR/sources_1/new/MouseTransceiver.v">
      <FileInfo>
        <Attr Name="UsedIn" Val="synthesis"/>
        <Attr Name="UsedIn" Val="implementation"/>
        <Attr Name="UsedIn" Val="simulation"/>
      </FileInfo>
    </File>
    <File Path="$PSRCDIR/sources_1/imports/Downloads/ALU.v">
      <FileInfo>
        <Attr Name="ImportPath" Val="$PPRDIR/../Downloads/ALU.v"/>
        <Attr Name="ImportTime" Val="1740482146"/>
        <Attr Name="UsedIn" Val="synthesis"/>
        <Attr Name="UsedIn" Val="implementation"/>
        <Attr Name="UsedIn" Val="simulation"/>
      </FileInfo>
    </File>
    <File Path="$PSRCDIR/sources_1/new/IR_Transmitter_Driver.v">
      <FileInfo>
        <Attr Name="UsedIn" Val="synthesis"/>
        <Attr Name="UsedIn" Val="implementation"/>
        <Attr Name="UsedIn" Val="simulation"/>
      </FileInfo>
    </File>
    <File Path="$PSRCDIR/sources_1/new/VGA_Controller.v">
      <FileInfo>
        <Attr Name="UsedIn" Val="synthesis"/>
        <Attr Name="UsedIn" Val="implementation"/>
        <Attr Name="UsedIn" Val="simulation"/>
      </FileInfo>
    </File>
    <File Path="$PSRCDIR/sources_1/new/Timer.v">
      <FileInfo>
        <Attr Name="UsedIn" Val="synthesis"/>
        <Attr Name="UsedIn" Val="implementation"/>
        <Attr Name="UsedIn" Val="simulation"/>
      </FileInfo>
    </File>
    <File Path="$PSRCDIR/sources_1/new/seg7Driver.v">
      <FileInfo>
        <Attr Name="UsedIn" Val="synthesis"/>
        <Attr Name="UsedIn" Val="implementation"/>
        <Attr Name="UsedIn" Val="simulation"/>
      </FileInfo>
    </File>
    <File Path="$PSRCDIR/sources_1/imports/Downloads/RAM.v">
      <FileInfo>
        <Attr Name="ImportPath" Val="$PPRDIR/../Downloads/RAM.v"/>
        <Attr Name="ImportTime" Val="1740482146"/>
        <Attr Name="UsedIn" Val="synthesis"/>
        <Attr Name="UsedIn" Val="implementation"/>
        <Attr Name="UsedIn" Val="simulation"/>
      </FileInfo>
    </File>
    <File Path="$PSRCDIR/sources_1/imports/Downloads/Processor.v">
      <FileInfo>
        <Attr Name="ImportPath" Val="$PPRDIR/../Downloads/Processor.v"/>
        <Attr Name="ImportTime" Val="1740482336"/>
        <Attr Name="UsedIn" Val="synthesis"/>
        <Attr Name="UsedIn" Val="implementation"/>
        <Attr Name="UsedIn" Val="simulation"/>
      </FileInfo>
    </File>
    <File Path="$PSRCDIR/sources_1/new/MouseDriver.v">
      <FileInfo>
        <Attr Name="UsedIn" Val="synthesis"/>
        <Attr Name="UsedIn" Val="implementation"/>
        <Attr Name="UsedIn" Val="simulation"/>
      </FileInfo>
    </File>
    <File Path="$PSRCDIR/sources_1/new/LEDDriver.v">
      <FileInfo>
        <Attr Name="UsedIn" Val="synthesis"/>
        <Attr Name="UsedIn" Val="implementation"/>
        <Attr Name="UsedIn" Val="simulation"/>
      </FileInfo>
    </File>
    <File Path="$PSRCDIR/sources_1/imports/Downloads/ROM.v">
      <FileInfo>
        <Attr Name="ImportPath" Val="$PPRDIR/../Downloads/ROM.v"/>
        <Attr Name="ImportTime" Val="1740482146"/>
        <Attr Name="UsedIn" Val="synthesis"/>
        <Attr Name="UsedIn" Val="implementation"/>
        <Attr Name="UsedIn" Val="simulation"/>
      </FileInfo>
    </File>
    <File Path="$PSRCDIR/sources_1/new/TopLevel.v">
      <FileInfo>
        <Attr Name="UsedIn" Val="synthesis"/>
        <Attr Name="UsedIn" Val="implementation"/>
        <Attr Name="UsedIn" Val="simulation"/>
      </FileInfo>
    </File>
    <Config>
      <Option Name="DesignMode" Val="RTL"/>
      <Option Name="TopModule" Val="TopLevel"/>
    </Config>
  </FileSet>
  <FileSet Name="constrs_in" Type="Constrs" RelSrcDir="$PSRCDIR/constrs_1">
    <Filter Type="Constrs"/>
    <File Path="$PSRCDIR/constrs_1/new/Mouse_Constraints.xdc">
      <FileInfo>
        <Attr Name="UsedIn" Val="synthesis"/>
        <Attr Name="UsedIn" Val="implementation"/>
      </FileInfo>
    </File>
    <Config>
      <Option Name="ConstrsType" Val="XDC"/>
    </Config>
  </FileSet>
  <Strategy Version="1" Minor="2">
    <StratHandle Name="Vivado Implementation Defaults" Flow="Vivado Implementation 2015"/>
    <Step Id="init_design"/>
    <Step Id="opt_design"/>
    <Step Id="power_opt_design"/>
    <Step Id="place_design"/>
    <Step Id="post_place_power_opt_design"/>
    <Step Id="phys_opt_design"/>
    <Step Id="route_design"/>
    <Step Id="post_route_phys_opt_design"/>
    <Step Id="write_bitstream"/>
  </Strategy>
</GenRun>
